0,15,17593,10742
0,15,17593,10743
0,15,17593,10744
0,15,17593,10745
1,15,17593,10746,29
2,15,17593,10746,46
2,15,17593,10746
3,15,17593,10747,15
4,15,17593,10747,26
5,15,17593,10747,36
6,15,17593,10747,37
7,15,17593,10747,47
8,15,17593,10747,57
9,15,17593,10747,59
9,15,17593,10747
10,15,17593,10748,2
11,15,17593,10748,20
11,15,17593,10748
11,15,17593,10749
12,15,17593,10750,12
12,15,17593,10750
12,15,17593,10751
12,15,17593,10752
12,15,17594,10742
13,15,17594,10743,5
13,15,17594,10743
13,15,17594,10744
14,15,17594,10745,27
15,15,17594,10745,36
16,15,17594,10745,40
17,15,17594,10745,41
18,15,17594,10745,42
19,15,17594,10745,43
20,15,17594,10745,44
21,15,17594,10745,45
21,15,17594,10745
22,15,17594,10746,6
23,15,17594,10746,17
24,15,17594,10746,51
25,15,17594,10746,64
26,15,17594,10746,65
27,15,17594,10746,66
28,15,17594,10746,67
28,15,17594,10746
29,15,17594,10747,30
30,15,17594,10747,32
31,15,17594,10747,52
32,15,17594,10747,80
33,15,17594,10747,89
34,15,17594,10747,100
35,15,17594,10747,115
35,15,17594,10747
36,15,17594,10748,18
37,15,17594,10748,40
38,15,17594,10748,50
39,15,17594,10748,79
40,15,17594,10748,88
41,15,17594,10748,92
42,15,17594,10748,96
43,15,17594,10748,110
44,15,17594,10748,111
45,15,17594,10748,127
46,15,17594,10748,136
47,15,17594,10748,143
47,15,17594,10748
48,15,17594,10749,41
49,15,17594,10749,71
50,15,17594,10749,77
51,15,17594,10749,81
52,15,17594,10749,83
52,15,17594,10749
53,15,17594,10750,14
54,15,17594,10750,19
54,15,17594,10750
55,15,17594,10751,20
56,15,17594,10751,39
56,15,17594,10751
56,15,17594,10752
56,15,17595,10742
56,15,17595,10743
56,15,17595,10744
57,15,17595,10745,8
58,15,17595,10745,41
59,15,17595,10745,45
60,15,17595,10745,46
61,15,17595,10745,47
62,15,17595,10745,49
63,15,17595,10745,50
64,15,17595,10745,54
65,15,17595,10745,55
66,15,17595,10745,56
67,15,17595,10745,57
68,15,17595,10745,58
69,15,17595,10745,59
70,15,17595,10745,61
71,15,17595,10745,62
72,15,17595,10745,63
73,15,17595,10745,64
74,15,17595,10745,65
74,15,17595,10745
75,15,17595,10746,22
76,15,17595,10746,24
77,15,17595,10746,34
78,15,17595,10746,77
79,15,17595,10746,79
80,15,17595,10746,80
81,15,17595,10746,82
82,15,17595,10746,85
83,15,17595,10746,87
84,15,17595,10746,88
85,15,17595,10746,90
85,15,17595,10746
86,15,17595,10747,12
87,15,17595,10747,38
88,15,17595,10747,71
89,15,17595,10747,106
90,15,17595,10747,129
91,15,17595,10747,131
92,15,17595,10747,158
93,15,17595,10747,163
94,15,17595,10747,164
95,15,17595,10747,170
96,15,17595,10747,174
97,15,17595,10747,175
98,15,17595,10747,177
99,15,17595,10747,178
100,15,17595,10747,179
101,15,17595,10747,182
102,15,17595,10747,184
102,15,17595,10747
103,15,17595,10748,0
104,15,17595,10748,1
105,15,17595,10748,37
106,15,17595,10748,55
107,15,17595,10748,69
108,15,17595,10748,83
109,15,17595,10748,92
110,15,17595,10748,100
111,15,17595,10748,109
112,15,17595,10748,112
113,15,17595,10748,134
114,15,17595,10748,135
115,15,17595,10748,158
116,15,17595,10748,166
117,15,17595,10748,173
118,15,17595,10748,198
119,15,17595,10748,218
120,15,17595,10748,231
121,15,17595,10748,259
122,15,17595,10748,262
123,15,17595,10748,289
124,15,17595,10748,291
125,15,17595,10748,301
126,15,17595,10748,318
127,15,17595,10748,331
128,15,17595,10748,355
129,15,17595,10748,362
130,15,17595,10748,365
131,15,17595,10748,385
132,15,17595,10748,386
132,15,17595,10748
133,15,17595,10749,12
134,15,17595,10749,27
135,15,17595,10749,29
136,15,17595,10749,38
137,15,17595,10749,40
138,15,17595,10749,108
139,15,17595,10749,116
140,15,17595,10749,121
141,15,17595,10749,166
142,15,17595,10749,171
143,15,17595,10749,172
144,15,17595,10749,182
144,15,17595,10749
145,15,17595,10750,49
146,15,17595,10750,84
146,15,17595,10750
147,15,17595,10751,2
147,15,17595,10751
148,15,17595,10752,35
148,15,17595,10752
148,15,17596,10742
148,15,17596,10743
149,15,17596,10744,1
150,15,17596,10744,6
151,15,17596,10744,7
152,15,17596,10744,8
153,15,17596,10744,9
154,15,17596,10744,10
155,15,17596,10744,12
156,15,17596,10744,13
157,15,17596,10744,14
158,15,17596,10744,15
159,15,17596,10744,16
160,15,17596,10744,19
160,15,17596,10744
161,15,17596,10745,4
162,15,17596,10745,5
163,15,17596,10745,6
164,15,17596,10745,8
165,15,17596,10745,14
166,15,17596,10745,20
167,15,17596,10745,29
167,15,17596,10745
168,15,17596,10746,21
168,15,17596,10746
169,15,17596,10747,20
170,15,17596,10747,34
171,15,17596,10747,62
172,15,17596,10747,109
173,15,17596,10747,131
173,15,17596,10747
174,15,17596,10748,29
175,15,17596,10748,32
176,15,17596,10748,47
177,15,17596,10748,58
178,15,17596,10748,78
179,15,17596,10748,80
180,15,17596,10748,91
181,15,17596,10748,96
182,15,17596,10748,97
183,15,17596,10748,123
184,15,17596,10748,136
185,15,17596,10748,156
186,15,17596,10748,159
187,15,17596,10748,160
188,15,17596,10748,165
189,15,17596,10748,171
190,15,17596,10748,174
191,15,17596,10748,175
192,15,17596,10748,181
193,15,17596,10748,184
194,15,17596,10748,203
195,15,17596,10748,209
196,15,17596,10748,232
197,15,17596,10748,241
198,15,17596,10748,246
199,15,17596,10748,248
200,15,17596,10748,249
201,15,17596,10748,292
202,15,17596,10748,299
203,15,17596,10748,305
204,15,17596,10748,306
205,15,17596,10748,316
206,15,17596,10748,323
207,15,17596,10748,346
208,15,17596,10748,360
209,15,17596,10748,366
210,15,17596,10748,370
211,15,17596,10748,378
212,15,17596,10748,410
213,15,17596,10748,425
214,15,17596,10748,433
215,15,17596,10748,453
216,15,17596,10748,460
217,15,17596,10748,471
218,15,17596,10748,475
219,15,17596,10748,493
220,15,17596,10748,495
221,15,17596,10748,496
222,15,17596,10748,499
223,15,17596,10748,502
224,15,17596,10748,504
225,15,17596,10748,506
225,15,17596,10748
226,15,17596,10749,2
227,15,17596,10749,17
228,15,17596,10749,27
229,15,17596,10749,29
230,15,17596,10749,36
231,15,17596,10749,53
232,15,17596,10749,60
233,15,17596,10749,76
234,15,17596,10749,80
235,15,17596,10749,85
236,15,17596,10749,88
237,15,17596,10749,96
238,15,17596,10749,113
239,15,17596,10749,126
240,15,17596,10749,134
241,15,17596,10749,135
242,15,17596,10749,147
243,15,17596,10749,152
244,15,17596,10749,155
245,15,17596,10749,159
246,15,17596,10749,174
247,15,17596,10749,176
248,15,17596,10749,216
249,15,17596,10749,223
250,15,17596,10749,243
251,15,17596,10749,256
252,15,17596,10749,266
253,15,17596,10749,272
254,15,17596,10749,275
255,15,17596,10749,282
256,15,17596,10749,286
257,15,17596,10749,301
258,15,17596,10749,309
259,15,17596,10749,325
259,15,17596,10749
260,15,17596,10750,11
261,15,17596,10750,75
262,15,17596,10750,77
263,15,17596,10750,106
263,15,17596,10750
264,15,17596,10751,4
265,15,17596,10751,35
266,15,17596,10751,40
267,15,17596,10751,44
268,15,17596,10751,60
269,15,17596,10751,81
270,15,17596,10751,113
271,15,17596,10751,125
271,15,17596,10751
272,15,17596,10752,9
272,15,17596,10752
272,15,17597,10742
272,15,17597,10743
273,15,17597,10744,3
274,15,17597,10744,4
275,15,17597,10744,7
276,15,17597,10744,9
277,15,17597,10744,14
278,15,17597,10744,17
279,15,17597,10744,20
280,15,17597,10744,35
281,15,17597,10744,38
282,15,17597,10744,41
283,15,17597,10744,43
284,15,17597,10744,44
285,15,17597,10744,46
286,15,17597,10744,48
287,15,17597,10744,49
287,15,17597,10744
288,15,17597,10745,8
289,15,17597,10745,21
290,15,17597,10745,23
291,15,17597,10745,24
292,15,17597,10745,35
293,15,17597,10745,51
294,15,17597,10745,111
295,15,17597,10745,116
296,15,17597,10745,129
297,15,17597,10745,134
298,15,17597,10745,135
299,15,17597,10745,136
300,15,17597,10745,137
301,15,17597,10745,138
302,15,17597,10745,139
303,15,17597,10745,140
304,15,17597,10745,141
305,15,17597,10745,145
306,15,17597,10745,146
306,15,17597,10745
307,15,17597,10746,20
308,15,17597,10746,33
309,15,17597,10746,34
310,15,17597,10746,35
310,15,17597,10746
311,15,17597,10747,47
311,15,17597,10747
312,15,17597,10748,3
313,15,17597,10748,14
314,15,17597,10748,15
315,15,17597,10748,20
316,15,17597,10748,46
317,15,17597,10748,59
318,15,17597,10748,66
319,15,17597,10748,73
320,15,17597,10748,82
321,15,17597,10748,84
322,15,17597,10748,114
323,15,17597,10748,123
324,15,17597,10748,147
325,15,17597,10748,159
326,15,17597,10748,167
327,15,17597,10748,178
328,15,17597,10748,187
329,15,17597,10748,189
330,15,17597,10748,202
331,15,17597,10748,219
332,15,17597,10748,225
333,15,17597,10748,227
334,15,17597,10748,229
335,15,17597,10748,270
336,15,17597,10748,275
337,15,17597,10748,298
338,15,17597,10748,306
339,15,17597,10748,335
340,15,17597,10748,340
341,15,17597,10748,371
342,15,17597,10748,373
343,15,17597,10748,383
344,15,17597,10748,389
345,15,17597,10748,409
346,15,17597,10748,417
347,15,17597,10748,419
348,15,17597,10748,436
349,15,17597,10748,448
350,15,17597,10748,449
351,15,17597,10748,450
352,15,17597,10748,453
353,15,17597,10748,454
354,15,17597,10748,455
355,15,17597,10748,458
356,15,17597,10748,460
357,15,17597,10748,461
358,15,17597,10748,462
359,15,17597,10748,463
359,15,17597,10748
360,15,17597,10749,5
361,15,17597,10749,8
362,15,17597,10749,20
363,15,17597,10749,62
364,15,17597,10749,72
365,15,17597,10749,88
366,15,17597,10749,108
367,15,17597,10749,121
368,15,17597,10749,131
369,15,17597,10749,132
370,15,17597,10749,133
371,15,17597,10749,134
372,15,17597,10749,136
373,15,17597,10749,137
374,15,17597,10749,138
374,15,17597,10749
375,15,17597,10750,6
376,15,17597,10750,13
377,15,17597,10750,38
378,15,17597,10750,52
378,15,17597,10750
378,15,17597,10751
379,15,17597,10752,23
380,15,17597,10752,34
381,15,17597,10752,63
381,15,17597,10752
382,15,17598,10742,9
382,15,17598,10742
383,15,17598,10743,7
384,15,17598,10743,13
384,15,17598,10743
385,15,17598,10744,3
386,15,17598,10744,9
387,15,17598,10744,12
388,15,17598,10744,15
389,15,17598,10744,25
390,15,17598,10744,32
391,15,17598,10744,36
392,15,17598,10744,39
393,15,17598,10744,41
394,15,17598,10744,44
395,15,17598,10744,59
396,15,17598,10744,63
397,15,17598,10744,64
397,15,17598,10744
398,15,17598,10745,11
399,15,17598,10745,19
400,15,17598,10745,28
401,15,17598,10745,35
402,15,17598,10745,37
403,15,17598,10745,42
404,15,17598,10745,45
405,15,17598,10745,47
406,15,17598,10745,50
407,15,17598,10745,56
408,15,17598,10745,60
409,15,17598,10745,94
410,15,17598,10745,105
411,15,17598,10745,122
412,15,17598,10745,126
413,15,17598,10745,127
414,15,17598,10745,129
415,15,17598,10745,140
416,15,17598,10745,144
417,15,17598,10745,145
418,15,17598,10745,148
419,15,17598,10745,151
420,15,17598,10745,152
421,15,17598,10745,153
422,15,17598,10745,154
422,15,17598,10745
423,15,17598,10746,2
424,15,17598,10746,7
425,15,17598,10746,16
426,15,17598,10746,20
427,15,17598,10746,31
428,15,17598,10746,41
429,15,17598,10746,42
430,15,17598,10746,47
431,15,17598,10746,54
432,15,17598,10746,56
433,15,17598,10746,68
434,15,17598,10746,69
435,15,17598,10746,72
435,15,17598,10746
436,15,17598,10747,2
437,15,17598,10747,4
438,15,17598,10747,8
439,15,17598,10747,11
440,15,17598,10747,13
441,15,17598,10747,15
442,15,17598,10747,18
442,15,17598,10747
443,15,17598,10748,9
444,15,17598,10748,10
445,15,17598,10748,12
446,15,17598,10748,16
447,15,17598,10748,27
448,15,17598,10748,40
449,15,17598,10748,99
450,15,17598,10748,104
451,15,17598,10748,105
452,15,17598,10748,112
453,15,17598,10748,123
454,15,17598,10748,126
455,15,17598,10748,127
456,15,17598,10748,129
457,15,17598,10748,132
458,15,17598,10748,140
459,15,17598,10748,141
459,15,17598,10748
460,15,17598,10749,12
461,15,17598,10749,45
462,15,17598,10749,62
463,15,17598,10749,203
464,15,17598,10749,208
465,15,17598,10749,215
466,15,17598,10749,216
467,15,17598,10749,219
468,15,17598,10749,221
469,15,17598,10749,222
470,15,17598,10749,225
471,15,17598,10749,232
472,15,17598,10749,244
473,15,17598,10749,245
474,15,17598,10749,246
475,15,17598,10749,247
476,15,17598,10749,249
477,15,17598,10749,251
477,15,17598,10749
478,15,17598,10750,50
479,15,17598,10750,52
480,15,17598,10750,76
481,15,17598,10750,77
482,15,17598,10750,78
483,15,17598,10750,79
483,15,17598,10750
484,15,17598,10751,3
485,15,17598,10751,4
486,15,17598,10751,25
487,15,17598,10751,37
488,15,17598,10751,43
489,15,17598,10751,44
490,15,17598,10751,70
491,15,17598,10751,74
492,15,17598,10751,99
493,15,17598,10751,105
494,15,17598,10751,116
495,15,17598,10751,119
496,15,17598,10751,120
497,15,17598,10751,121
498,15,17598,10751,122
499,15,17598,10751,123
500,15,17598,10751,124
501,15,17598,10751,127
502,15,17598,10751,128
503,15,17598,10751,129
504,15,17598,10751,130
505,15,17598,10751,131
505,15,17598,10751
506,15,17598,10752,29
507,15,17598,10752,43
507,15,17598,10752
508,15,17599,10742,27
509,15,17599,10742,42
510,15,17599,10742,59
511,15,17599,10742,70
512,15,17599,10742,124
513,15,17599,10742,147
514,15,17599,10742,148
515,15,17599,10742,170
516,15,17599,10742,173
517,15,17599,10742,184
517,15,17599,10742
518,15,17599,10743,8
519,15,17599,10743,10
520,15,17599,10743,13
521,15,17599,10743,21
522,15,17599,10743,28
523,15,17599,10743,32
524,15,17599,10743,51
525,15,17599,10743,62
526,15,17599,10743,89
526,15,17599,10743
527,15,17599,10744,1
528,15,17599,10744,10
529,15,17599,10744,26
529,15,17599,10744
530,15,17599,10745,1
531,15,17599,10745,3
532,15,17599,10745,8
533,15,17599,10745,9
534,15,17599,10745,11
535,15,17599,10745,12
536,15,17599,10745,20
537,15,17599,10745,24
538,15,17599,10745,25
539,15,17599,10745,28
540,15,17599,10745,36
541,15,17599,10745,40
542,15,17599,10745,44
543,15,17599,10745,46
544,15,17599,10745,49
545,15,17599,10745,59
546,15,17599,10745,63
547,15,17599,10745,64
547,15,17599,10745
548,15,17599,10746,4
549,15,17599,10746,9
550,15,17599,10746,11
551,15,17599,10746,15
552,15,17599,10746,25
553,15,17599,10746,31
554,15,17599,10746,32
555,15,17599,10746,33
556,15,17599,10746,34
556,15,17599,10746
557,15,17599,10747,2
558,15,17599,10747,4
559,15,17599,10747,5
560,15,17599,10747,6
561,15,17599,10747,7
562,15,17599,10747,9
563,15,17599,10747,12
564,15,17599,10747,13
565,15,17599,10747,17
565,15,17599,10747
566,15,17599,10748,28
566,15,17599,10748
567,15,17599,10749,14
568,15,17599,10749,137
569,15,17599,10749,140
570,15,17599,10749,188
571,15,17599,10749,251
572,15,17599,10749,280
573,15,17599,10749,355
574,15,17599,10749,356
575,15,17599,10749,357
576,15,17599,10749,358
577,15,17599,10749,360
578,15,17599,10749,362
579,15,17599,10749,366
580,15,17599,10749,371
581,15,17599,10749,372
582,15,17599,10749,376
583,15,17599,10749,377
584,15,17599,10749,380
585,15,17599,10749,384
585,15,17599,10749
586,15,17599,10750,0
587,15,17599,10750,10
588,15,17599,10750,14
589,15,17599,10750,66
590,15,17599,10750,72
591,15,17599,10750,81
592,15,17599,10750,90
593,15,17599,10750,102
594,15,17599,10750,107
595,15,17599,10750,171
595,15,17599,10750
596,15,17599,10751,19
597,15,17599,10751,33
598,15,17599,10751,45
599,15,17599,10751,48
600,15,17599,10751,120
601,15,17599,10751,240
601,15,17599,10751
602,15,17599,10752,19
603,15,17599,10752,45
603,15,17599,10752
604,15,17600,10742,26
605,15,17600,10742,47
606,15,17600,10742,75
607,15,17600,10742,77
608,15,17600,10742,84
609,15,17600,10742,92
610,15,17600,10742,98
610,15,17600,10742
610,15,17600,10743
611,15,17600,10744,3
612,15,17600,10744,4
613,15,17600,10744,12
614,15,17600,10744,21
614,15,17600,10744
615,15,17600,10745,10
616,15,17600,10745,22
617,15,17600,10745,41
618,15,17600,10745,42
619,15,17600,10745,50
620,15,17600,10745,64
621,15,17600,10745,85
622,15,17600,10745,93
623,15,17600,10745,94
624,15,17600,10745,108
624,15,17600,10745
625,15,17600,10746,2
626,15,17600,10746,4
627,15,17600,10746,6
628,15,17600,10746,8
629,15,17600,10746,11
630,15,17600,10746,13
631,15,17600,10746,16
632,15,17600,10746,20
633,15,17600,10746,22
633,15,17600,10746
634,15,17600,10747,0
635,15,17600,10747,2
636,15,17600,10747,5
636,15,17600,10747
637,15,17600,10748,15
637,15,17600,10748
638,15,17600,10749,6
639,15,17600,10749,20
640,15,17600,10749,71
641,15,17600,10749,123
642,15,17600,10749,130
643,15,17600,10749,142
644,15,17600,10749,164
644,15,17600,10749
645,15,17600,10750,33
646,15,17600,10750,66
647,15,17600,10750,71
648,15,17600,10750,77
649,15,17600,10750,81
650,15,17600,10750,89
651,15,17600,10750,90
652,15,17600,10750,107
653,15,17600,10750,132
653,15,17600,10750
654,15,17600,10751,17
655,15,17600,10751,18
656,15,17600,10751,31
657,15,17600,10751,49
658,15,17600,10751,58
659,15,17600,10751,75
660,15,17600,10751,89
661,15,17600,10751,98
662,15,17600,10751,103
662,15,17600,10751
663,15,17600,10752,13
663,15,17600,10752
664,15,17601,10742,9
664,15,17601,10742
665,15,17601,10743,5
666,15,17601,10743,8
667,15,17601,10743,10
668,15,17601,10743,23
669,15,17601,10743,27
670,15,17601,10743,28
670,15,17601,10743
671,15,17601,10744,3
672,15,17601,10744,4
673,15,17601,10744,9
674,15,17601,10744,12
675,15,17601,10744,15
676,15,17601,10744,16
677,15,17601,10744,19
678,15,17601,10744,20
679,15,17601,10744,24
680,15,17601,10744,26
681,15,17601,10744,27
682,15,17601,10744,32
683,15,17601,10744,33
684,15,17601,10744,36
685,15,17601,10744,39
686,15,17601,10744,40
687,15,17601,10744,46
688,15,17601,10744,47
689,15,17601,10744,48
690,15,17601,10744,49
690,15,17601,10744
691,15,17601,10745,30
692,15,17601,10745,37
693,15,17601,10745,50
694,15,17601,10745,84
695,15,17601,10745,85
696,15,17601,10745,87
697,15,17601,10745,88
697,15,17601,10745
698,15,17601,10746,5
699,15,17601,10746,6
700,15,17601,10746,14
701,15,17601,10746,30
702,15,17601,10746,42
703,15,17601,10746,57
703,15,17601,10746
704,15,17601,10747,3
705,15,17601,10747,6
706,15,17601,10747,11
707,15,17601,10747,14
708,15,17601,10747,27
709,15,17601,10747,33
710,15,17601,10747,47
711,15,17601,10747,49
712,15,17601,10747,55
713,15,17601,10747,62
714,15,17601,10747,74
715,15,17601,10747,78
716,15,17601,10747,102
717,15,17601,10747,110
718,15,17601,10747,119
719,15,17601,10747,122
719,15,17601,10747
720,15,17601,10748,17
721,15,17601,10748,32
722,15,17601,10748,36
723,15,17601,10748,39
724,15,17601,10748,40
725,15,17601,10748,41
726,15,17601,10748,66
727,15,17601,10748,68
728,15,17601,10748,74
729,15,17601,10748,84
730,15,17601,10748,86
731,15,17601,10748,87
732,15,17601,10748,95
733,15,17601,10748,101
734,15,17601,10748,151
735,15,17601,10748,160
736,15,17601,10748,174
737,15,17601,10748,187
737,15,17601,10748
738,15,17601,10749,14
739,15,17601,10749,19
740,15,17601,10749,25
740,15,17601,10749
741,15,17601,10750,1
741,15,17601,10750
741,15,17601,10751
741,15,17601,10752
742,15,17602,10742,11
743,15,17602,10742,37
744,15,17602,10742,53
745,15,17602,10742,56
746,15,17602,10742,67
746,15,17602,10742
747,15,17602,10743,21
747,15,17602,10743
748,15,17602,10744,10
749,15,17602,10744,14
750,15,17602,10744,19
751,15,17602,10744,20
752,15,17602,10744,32
753,15,17602,10744,33
754,15,17602,10744,39
755,15,17602,10744,41
756,15,17602,10744,47
757,15,17602,10744,69
758,15,17602,10744,77
759,15,17602,10744,78
760,15,17602,10744,91
761,15,17602,10744,96
762,15,17602,10744,102
763,15,17602,10744,105
764,15,17602,10744,112
765,15,17602,10744,116
766,15,17602,10744,124
767,15,17602,10744,125
768,15,17602,10744,126
769,15,17602,10744,128
770,15,17602,10744,129
771,15,17602,10744,131
772,15,17602,10744,132
773,15,17602,10744,133
774,15,17602,10744,134
775,15,17602,10744,135
776,15,17602,10744,136
777,15,17602,10744,137
778,15,17602,10744,138
779,15,17602,10744,139
780,15,17602,10744,140
781,15,17602,10744,141
782,15,17602,10744,142
783,15,17602,10744,143
784,15,17602,10744,144
784,15,17602,10744
785,15,17602,10745,0
786,15,17602,10745,4
787,15,17602,10745,13
788,15,17602,10745,20
789,15,17602,10745,21
790,15,17602,10745,29
791,15,17602,10745,31
792,15,17602,10745,34
793,15,17602,10745,41
794,15,17602,10745,48
795,15,17602,10745,53
796,15,17602,10745,62
797,15,17602,10745,63
798,15,17602,10745,80
799,15,17602,10745,81
800,15,17602,10745,89
801,15,17602,10745,90
802,15,17602,10745,92
803,15,17602,10745,93
804,15,17602,10745,96
805,15,17602,10745,103
806,15,17602,10745,134
807,15,17602,10745,148
808,15,17602,10745,158
809,15,17602,10745,162
810,15,17602,10745,167
811,15,17602,10745,185
812,15,17602,10745,188
813,15,17602,10745,192
814,15,17602,10745,196
815,15,17602,10745,224
816,15,17602,10745,225
817,15,17602,10745,226
817,15,17602,10745
818,15,17602,10746,10
819,15,17602,10746,22
820,15,17602,10746,28
821,15,17602,10746,30
822,15,17602,10746,33
823,15,17602,10746,56
824,15,17602,10746,67
825,15,17602,10746,108
826,15,17602,10746,114
827,15,17602,10746,130
828,15,17602,10746,131
829,15,17602,10746,139
830,15,17602,10746,143
831,15,17602,10746,155
832,15,17602,10746,163
833,15,17602,10746,175
834,15,17602,10746,184
835,15,17602,10746,193
836,15,17602,10746,207
837,15,17602,10746,226
838,15,17602,10746,227
839,15,17602,10746,230
840,15,17602,10746,231
841,15,17602,10746,232
842,15,17602,10746,233
842,15,17602,10746
843,15,17602,10747,25
844,15,17602,10747,45
845,15,17602,10747,63
846,15,17602,10747,70
847,15,17602,10747,73
848,15,17602,10747,74
849,15,17602,10747,85
850,15,17602,10747,98
851,15,17602,10747,122
852,15,17602,10747,152
853,15,17602,10747,172
854,15,17602,10747,176
855,15,17602,10747,208
855,15,17602,10747
856,15,17602,10748,13
857,15,17602,10748,22
858,15,17602,10748,49
859,15,17602,10748,60
860,15,17602,10748,62
861,15,17602,10748,85
862,15,17602,10748,91
863,15,17602,10748,94
864,15,17602,10748,106
865,15,17602,10748,112
866,15,17602,10748,124
867,15,17602,10748,129
868,15,17602,10748,130
869,15,17602,10748,140
870,15,17602,10748,142
870,15,17602,10748
871,15,17602,10749,12
872,15,17602,10749,36
873,15,17602,10749,54
874,15,17602,10749,63
875,15,17602,10749,89
875,15,17602,10749
876,15,17602,10750,10
877,15,17602,10750,61
878,15,17602,10750,69
879,15,17602,10750,120
880,15,17602,10750,179
881,15,17602,10750,184
882,15,17602,10750,195
883,15,17602,10750,255
884,15,17602,10750,261
885,15,17602,10750,274
886,15,17602,10750,276
887,15,17602,10750,283
888,15,17602,10750,284
889,15,17602,10750,285
890,15,17602,10750,286
891,15,17602,10750,287
892,15,17602,10750,288
893,15,17602,10750,293
894,15,17602,10750,297
895,15,17602,10750,307
896,15,17602,10750,308
897,15,17602,10750,310
898,15,17602,10750,312
898,15,17602,10750
899,15,17602,10751,45
900,15,17602,10751,66
901,15,17602,10751,79
902,15,17602,10751,83
903,15,17602,10751,113
904,15,17602,10751,115
905,15,17602,10751,117
906,15,17602,10751,119
907,15,17602,10751,120
908,15,17602,10751,121
909,15,17602,10751,123
910,15,17602,10751,125
911,15,17602,10751,128
912,15,17602,10751,129
913,15,17602,10751,134
913,15,17602,10751
913,15,17602,10752
914,15,17603,10742,15
915,15,17603,10742,20
915,15,17603,10742
916,15,17603,10743,1
917,15,17603,10743,5
918,15,17603,10743,28
919,15,17603,10743,52
920,15,17603,10743,62
921,15,17603,10743,64
922,15,17603,10743,67
923,15,17603,10743,68
924,15,17603,10743,76
925,15,17603,10743,89
926,15,17603,10743,92
927,15,17603,10743,94
928,15,17603,10743,97
929,15,17603,10743,100
930,15,17603,10743,109
931,15,17603,10743,111
931,15,17603,10743
932,15,17603,10744,4
933,15,17603,10744,26
934,15,17603,10744,48
935,15,17603,10744,71
936,15,17603,10744,75
937,15,17603,10744,79
938,15,17603,10744,82
939,15,17603,10744,95
940,15,17603,10744,99
941,15,17603,10744,104
942,15,17603,10744,110
943,15,17603,10744,127
944,15,17603,10744,137
945,15,17603,10744,139
946,15,17603,10744,154
947,15,17603,10744,182
948,15,17603,10744,183
949,15,17603,10744,186
950,15,17603,10744,187
951,15,17603,10744,188
952,15,17603,10744,189
953,15,17603,10744,190
954,15,17603,10744,191
955,15,17603,10744,192
956,15,17603,10744,193
957,15,17603,10744,194
958,15,17603,10744,195
959,15,17603,10744,196
960,15,17603,10744,197
961,15,17603,10744,198
962,15,17603,10744,199
963,15,17603,10744,200
964,15,17603,10744,201
965,15,17603,10744,202
966,15,17603,10744,203
966,15,17603,10744
967,15,17603,10745,19
968,15,17603,10745,21
969,15,17603,10745,26
970,15,17603,10745,42
971,15,17603,10745,45
972,15,17603,10745,47
973,15,17603,10745,54
974,15,17603,10745,67
975,15,17603,10745,68
976,15,17603,10745,74
977,15,17603,10745,107
978,15,17603,10745,112
979,15,17603,10745,115
980,15,17603,10745,123
981,15,17603,10745,155
982,15,17603,10745,160
983,15,17603,10745,165
984,15,17603,10745,177
985,15,17603,10745,191
986,15,17603,10745,195
987,15,17603,10745,196
988,15,17603,10745,217
989,15,17603,10745,218
990,15,17603,10745,225
991,15,17603,10745,229
992,15,17603,10745,236
993,15,17603,10745,237
994,15,17603,10745,268
995,15,17603,10745,269
996,15,17603,10745,300
997,15,17603,10745,308
998,15,17603,10745,314
999,15,17603,10745,315
1000,15,17603,10745,326
1001,15,17603,10745,329
1002,15,17603,10745,333
1003,15,17603,10745,348
1004,15,17603,10745,349
1005,15,17603,10745,350
1006,15,17603,10745,363
1007,15,17603,10745,384
1007,15,17603,10745
1008,15,17603,10746,22
1009,15,17603,10746,26
1010,15,17603,10746,29
1011,15,17603,10746,34
1012,15,17603,10746,38
1013,15,17603,10746,43
1014,15,17603,10746,46
1015,15,17603,10746,62
1016,15,17603,10746,63
1017,15,17603,10746,66
1018,15,17603,10746,84
1019,15,17603,10746,87
1020,15,17603,10746,93
1021,15,17603,10746,100
1022,15,17603,10746,103
1023,15,17603,10746,104
1024,15,17603,10746,120
1025,15,17603,10746,141
1026,15,17603,10746,162
1027,15,17603,10746,173
1028,15,17603,10746,185
1029,15,17603,10746,209
1030,15,17603,10746,215
1031,15,17603,10746,225
1032,15,17603,10746,267
1033,15,17603,10746,279
1034,15,17603,10746,297
1035,15,17603,10746,303
1036,15,17603,10746,310
1037,15,17603,10746,313
1038,15,17603,10746,327
1039,15,17603,10746,331
1040,15,17603,10746,339
1041,15,17603,10746,340
1042,15,17603,10746,345
1042,15,17603,10746
1043,15,17603,10747,6
1044,15,17603,10747,26
1045,15,17603,10747,36
1046,15,17603,10747,46
1047,15,17603,10747,58
1048,15,17603,10747,72
1048,15,17603,10747
1049,15,17603,10748,59
1050,15,17603,10748,74
1050,15,17603,10748
1051,15,17603,10749,38
1052,15,17603,10749,40
1052,15,17603,10749
1053,15,17603,10750,19
1054,15,17603,10750,47
1055,15,17603,10750,76
1056,15,17603,10750,78
1057,15,17603,10750,108
1057,15,17603,10750
1058,15,17603,10751,6
1059,15,17603,10751,43
1060,15,17603,10751,45
1061,15,17603,10751,63
1062,15,17603,10751,83
1063,15,17603,10751,125
1064,15,17603,10751,127
1064,15,17603,10751
1065,15,17603,10752,1
1065,15,17603,10752
1066,15,17604,10742,24
1067,15,17604,10742,30
1068,15,17604,10742,58
1069,15,17604,10742,65
1070,15,17604,10742,80
1071,15,17604,10742,127
1071,15,17604,10742
1072,15,17604,10743,19
1073,15,17604,10743,28
1074,15,17604,10743,31
1075,15,17604,10743,32
1076,15,17604,10743,53
1077,15,17604,10743,69
1078,15,17604,10743,87
1079,15,17604,10743,104
1080,15,17604,10743,109
1081,15,17604,10743,121
1082,15,17604,10743,124
1083,15,17604,10743,142
1084,15,17604,10743,143
1085,15,17604,10743,145
1086,15,17604,10743,159
1087,15,17604,10743,161
1088,15,17604,10743,167
1089,15,17604,10743,199
1090,15,17604,10743,202
1091,15,17604,10743,221
1092,15,17604,10743,223
1093,15,17604,10743,224
1094,15,17604,10743,225
1095,15,17604,10743,255
1096,15,17604,10743,264
1097,15,17604,10743,271
1098,15,17604,10743,274
1099,15,17604,10743,277
1100,15,17604,10743,288
1101,15,17604,10743,291
1101,15,17604,10743
1102,15,17604,10744,9
1103,15,17604,10744,10
1104,15,17604,10744,38
1105,15,17604,10744,49
1106,15,17604,10744,81
1107,15,17604,10744,90
1108,15,17604,10744,101
1109,15,17604,10744,124
1110,15,17604,10744,140
1111,15,17604,10744,141
1112,15,17604,10744,144
1112,15,17604,10744
1113,15,17604,10745,1
1114,15,17604,10745,13
1115,15,17604,10745,18
1116,15,17604,10745,22
1117,15,17604,10745,30
1118,15,17604,10745,37
1119,15,17604,10745,47
1120,15,17604,10745,76
1121,15,17604,10745,97
1122,15,17604,10745,122
1123,15,17604,10745,124
1124,15,17604,10745,157
1125,15,17604,10745,161
1126,15,17604,10745,170
1127,15,17604,10745,185
1128,15,17604,10745,186
1129,15,17604,10745,214
1130,15,17604,10745,216
1131,15,17604,10745,232
1132,15,17604,10745,242
1133,15,17604,10745,255
1134,15,17604,10745,256
1135,15,17604,10745,305
1136,15,17604,10745,308
1137,15,17604,10745,309
1138,15,17604,10745,310
1139,15,17604,10745,312
1140,15,17604,10745,313
1140,15,17604,10745
1141,15,17604,10746,4
1142,15,17604,10746,26
1143,15,17604,10746,32
1144,15,17604,10746,33
1145,15,17604,10746,37
1146,15,17604,10746,43
1147,15,17604,10746,75
1148,15,17604,10746,116
1149,15,17604,10746,119
1150,15,17604,10746,136
1151,15,17604,10746,142
1152,15,17604,10746,147
1153,15,17604,10746,174
1154,15,17604,10746,182
1155,15,17604,10746,184
1156,15,17604,10746,187
1157,15,17604,10746,190
1158,15,17604,10746,191
1159,15,17604,10746,197
1160,15,17604,10746,203
1161,15,17604,10746,208
1162,15,17604,10746,209
1163,15,17604,10746,218
1164,15,17604,10746,222
1164,15,17604,10746
1165,15,17604,10747,43
1166,15,17604,10747,73
1167,15,17604,10747,82
1167,15,17604,10747
1168,15,17604,10748,37
1169,15,17604,10748,87
1169,15,17604,10748
1169,15,17604,10749
1170,15,17604,10750,0
1171,15,17604,10750,3
1172,15,17604,10750,9
1173,15,17604,10750,11
1174,15,17604,10750,12
1175,15,17604,10750,17
1176,15,17604,10750,19
1177,15,17604,10750,23
1178,15,17604,10750,27
1179,15,17604,10750,31
1180,15,17604,10750,32
1181,15,17604,10750,51
1182,15,17604,10750,56
1183,15,17604,10750,66
1184,15,17604,10750,68
1185,15,17604,10750,70
1186,15,17604,10750,72
1187,15,17604,10750,78
1188,15,17604,10750,81
1189,15,17604,10750,83
1190,15,17604,10750,84
1191,15,17604,10750,87
1192,15,17604,10750,93
1193,15,17604,10750,100
1194,15,17604,10750,103
1195,15,17604,10750,104
1196,15,17604,10750,105
1197,15,17604,10750,109
1198,15,17604,10750,110
1199,15,17604,10750,123
1199,15,17604,10750
1200,15,17604,10751,13
1201,15,17604,10751,23
1201,15,17604,10751
1201,15,17604,10752
1202,15,17605,10742,6
1203,15,17605,10742,18
1204,15,17605,10742,54
1205,15,17605,10742,56
1206,15,17605,10742,64
1207,15,17605,10742,78
1208,15,17605,10742,105
1209,15,17605,10742,108
1210,15,17605,10742,121
1211,15,17605,10742,136
1212,15,17605,10742,142
1213,15,17605,10742,144
1214,15,17605,10742,167
1215,15,17605,10742,180
1216,15,17605,10742,181
1217,15,17605,10742,187
1218,15,17605,10742,188
1218,15,17605,10742
1219,15,17605,10743,16
1220,15,17605,10743,25
1221,15,17605,10743,32
1222,15,17605,10743,33
1223,15,17605,10743,38
1224,15,17605,10743,47
1225,15,17605,10743,53
1226,15,17605,10743,66
1227,15,17605,10743,78
1228,15,17605,10743,81
1229,15,17605,10743,88
1230,15,17605,10743,99
1231,15,17605,10743,118
1232,15,17605,10743,119
1233,15,17605,10743,122
1234,15,17605,10743,134
1235,15,17605,10743,142
1236,15,17605,10743,143
1237,15,17605,10743,151
1238,15,17605,10743,154
1239,15,17605,10743,190
1240,15,17605,10743,193
1241,15,17605,10743,207
1242,15,17605,10743,213
1243,15,17605,10743,229
1244,15,17605,10743,231
1245,15,17605,10743,237
1246,15,17605,10743,242
1247,15,17605,10743,247
1248,15,17605,10743,256
1249,15,17605,10743,258
1250,15,17605,10743,269
1251,15,17605,10743,275
1252,15,17605,10743,282
1253,15,17605,10743,286
1254,15,17605,10743,294
1255,15,17605,10743,296
1256,15,17605,10743,298
1257,15,17605,10743,299
1258,15,17605,10743,300
1259,15,17605,10743,301
1260,15,17605,10743,302
1261,15,17605,10743,310
1262,15,17605,10743,311
1263,15,17605,10743,312
1264,15,17605,10743,313
1265,15,17605,10743,315
1266,15,17605,10743,317
1267,15,17605,10743,318
1268,15,17605,10743,321
1269,15,17605,10743,322
1270,15,17605,10743,323
1271,15,17605,10743,324
1271,15,17605,10743
1272,15,17605,10744,16
1273,15,17605,10744,48
1274,15,17605,10744,64
1275,15,17605,10744,103
1276,15,17605,10744,109
1277,15,17605,10744,126
1278,15,17605,10744,138
1279,15,17605,10744,155
1280,15,17605,10744,156
1281,15,17605,10744,157
1282,15,17605,10744,158
1282,15,17605,10744
1283,15,17605,10745,22
1284,15,17605,10745,29
1285,15,17605,10745,43
1286,15,17605,10745,95
1287,15,17605,10745,96
1287,15,17605,10745
1288,15,17605,10746,91
1288,15,17605,10746
1289,15,17605,10747,75
1290,15,17605,10747,84
1290,15,17605,10747
1291,15,17605,10748,20
1292,15,17605,10748,53
1293,15,17605,10748,58
1293,15,17605,10748
1294,15,17605,10749,84
1295,15,17605,10749,85
1296,15,17605,10749,189
1297,15,17605,10749,190
1298,15,17605,10749,255
1299,15,17605,10749,261
1300,15,17605,10749,270
1301,15,17605,10749,305
1302,15,17605,10749,311
1303,15,17605,10749,334
1304,15,17605,10749,371
1305,15,17605,10749,373
1306,15,17605,10749,379
1306,15,17605,10749
1307,15,17605,10750,4
1308,15,17605,10750,8
1309,15,17605,10750,14
1310,15,17605,10750,16
1311,15,17605,10750,28
1312,15,17605,10750,30
1313,15,17605,10750,52
1314,15,17605,10750,59
1315,15,17605,10750,65
1316,15,17605,10750,75
1317,15,17605,10750,84
1318,15,17605,10750,105
1319,15,17605,10750,116
1320,15,17605,10750,159
1321,15,17605,10750,163
1322,15,17605,10750,185
1323,15,17605,10750,208
1324,15,17605,10750,238
1325,15,17605,10750,240
1326,15,17605,10750,248
1327,15,17605,10750,271
1328,15,17605,10750,281
1329,15,17605,10750,300
1329,15,17605,10750
1330,15,17605,10751,10
1331,15,17605,10751,13
1332,15,17605,10751,79
1332,15,17605,10751
1333,15,17605,10752,26
1333,15,17605,10752
1334,15,17606,10742,2
1335,15,17606,10742,36
1335,15,17606,10742
1335,15,17606,10743
1336,15,17606,10744,15
1337,15,17606,10744,29
1338,15,17606,10744,123
1339,15,17606,10744,125
1340,15,17606,10744,129
1341,15,17606,10744,133
1341,15,17606,10744
1342,15,17606,10745,12
1343,15,17606,10745,68
1343,15,17606,10745
1343,15,17606,10746
1344,15,17606,10747,14
1345,15,17606,10747,75
1346,15,17606,10747,95
1347,15,17606,10747,121
1348,15,17606,10747,165
1349,15,17606,10747,183
1350,15,17606,10747,197
1351,15,17606,10747,219
1352,15,17606,10747,236
1353,15,17606,10747,282
1353,15,17606,10747
1353,15,17606,10748
1354,15,17606,10749,28
1355,15,17606,10749,75
1356,15,17606,10749,232
1357,15,17606,10749,238
1357,15,17606,10749
1358,15,17606,10750,1
1359,15,17606,10750,2
1360,15,17606,10750,13
1361,15,17606,10750,23
1362,15,17606,10750,37
1363,15,17606,10750,46
1364,15,17606,10750,77
1365,15,17606,10750,80
1366,15,17606,10750,144
1367,15,17606,10750,147
1367,15,17606,10750
1368,15,17606,10751,11
1369,15,17606,10751,15
1370,15,17606,10751,75
1371,15,17606,10751,98
1372,15,17606,10751,123
1373,15,17606,10751,154
1374,15,17606,10751,163
1375,15,17606,10751,210
1376,15,17606,10751,212
1377,15,17606,10751,242
1378,15,17606,10751,244
1379,15,17606,10751,253
1380,15,17606,10751,256
1380,15,17606,10751
1381,15,17606,10752,1
1382,15,17606,10752,17
1383,15,17606,10752,20
1384,15,17606,10752,32
1385,15,17606,10752,42
1386,15,17606,10752,46
1387,15,17606,10752,54
1388,15,17606,10752,62
1389,15,17606,10752,65
1390,15,17606,10752,75
1391,15,17606,10752,92
1392,15,17606,10752,112
1393,15,17606,10752,114
1394,15,17606,10752,121
1395,15,17606,10752,140
1396,15,17606,10752,152
1396,15,17606,10752
1397,15,17607,10742,2
1397,15,17607,10742
1398,15,17607,10743,1
1399,15,17607,10743,10
1400,15,17607,10743,40
1400,15,17607,10743
1401,15,17607,10744,10
1402,15,17607,10744,13
1402,15,17607,10744
1402,15,17607,10745
1403,15,17607,10746,6
1404,15,17607,10746,23
1405,15,17607,10746,24
1406,15,17607,10746,30
1407,15,17607,10746,31
1408,15,17607,10746,38
1409,15,17607,10746,44
1410,15,17607,10746,47
1411,15,17607,10746,48
1412,15,17607,10746,54
1413,15,17607,10746,61
1414,15,17607,10746,77
1415,15,17607,10746,78
1416,15,17607,10746,79
1417,15,17607,10746,81
1418,15,17607,10746,85
1419,15,17607,10746,86
1420,15,17607,10746,88
1421,15,17607,10746,89
1422,15,17607,10746,90
1423,15,17607,10746,91
1424,15,17607,10746,92
1425,15,17607,10746,93
1425,15,17607,10746
1426,15,17607,10747,6
1427,15,17607,10747,9
1428,15,17607,10747,21
1429,15,17607,10747,25
1430,15,17607,10747,29
1431,15,17607,10747,30
1432,15,17607,10747,45
1433,15,17607,10747,48
1434,15,17607,10747,73
1435,15,17607,10747,80
1436,15,17607,10747,83
1437,15,17607,10747,85
1437,15,17607,10747
1437,15,17607,10748
1438,15,17607,10749,6
1439,15,17607,10749,11
1440,15,17607,10749,32
1441,15,17607,10749,83
1442,15,17607,10749,97
1443,15,17607,10749,116
1444,15,17607,10749,123
1445,15,17607,10749,149
1446,15,17607,10749,150
1447,15,17607,10749,154
1448,15,17607,10749,157
1449,15,17607,10749,175
1450,15,17607,10749,203
1451,15,17607,10749,205
1452,15,17607,10749,208
1453,15,17607,10749,210
1454,15,17607,10749,211
1455,15,17607,10749,212
1456,15,17607,10749,213
1457,15,17607,10749,214
1458,15,17607,10749,215
1459,15,17607,10749,219
1460,15,17607,10749,224
1461,15,17607,10749,225
1462,15,17607,10749,226
1462,15,17607,10749
1463,15,17607,10750,25
1463,15,17607,10750
1464,15,17607,10751,20
1465,15,17607,10751,22
1466,15,17607,10751,23
1467,15,17607,10751,29
1468,15,17607,10751,36
1469,15,17607,10751,39
1469,15,17607,10751
1470,15,17607,10752,11
1471,15,17607,10752,36
1472,15,17607,10752,47
1473,15,17607,10752,56
1474,15,17607,10752,59
1475,15,17607,10752,75
1476,15,17607,10752,90
1477,15,17607,10752,129
1477,15,17607,10752
1477,15,17608,10742
1477,15,17608,10743
1478,15,17608,10744,33
1478,15,17608,10744
1479,15,17608,10745,1
1480,15,17608,10745,17
1481,15,17608,10745,23
1482,15,17608,10745,34
1483,15,17608,10745,68
1483,15,17608,10745
1484,15,17608,10746,11
1485,15,17608,10746,24
1486,15,17608,10746,34
1487,15,17608,10746,45
1488,15,17608,10746,49
1489,15,17608,10746,50
1490,15,17608,10746,79
1491,15,17608,10746,96
1492,15,17608,10746,97
1493,15,17608,10746,98
1494,15,17608,10746,99
1495,15,17608,10746,100
1496,15,17608,10746,101
1497,15,17608,10746,102
1498,15,17608,10746,103
1499,15,17608,10746,104
1500,15,17608,10746,105
1501,15,17608,10746,106
1502,15,17608,10746,107
1503,15,17608,10746,108
1504,15,17608,10746,109
1505,15,17608,10746,111
1506,15,17608,10746,112
1507,15,17608,10746,113
1508,15,17608,10746,115
1509,15,17608,10746,117
1509,15,17608,10746
1510,15,17608,10747,5
1511,15,17608,10747,6
1512,15,17608,10747,11
1513,15,17608,10747,13
1514,15,17608,10747,18
1515,15,17608,10747,20
1516,15,17608,10747,21
1517,15,17608,10747,26
1518,15,17608,10747,28
1519,15,17608,10747,31
1520,15,17608,10747,33
1521,15,17608,10747,34
1522,15,17608,10747,35
1523,15,17608,10747,45
1524,15,17608,10747,53
1525,15,17608,10747,60
1526,15,17608,10747,69
1527,15,17608,10747,70
1528,15,17608,10747,73
1529,15,17608,10747,75
1530,15,17608,10747,76
1531,15,17608,10747,78
1532,15,17608,10747,79
1533,15,17608,10747,81
1534,15,17608,10747,86
1535,15,17608,10747,89
1536,15,17608,10747,90
1537,15,17608,10747,91
1538,15,17608,10747,92
1539,15,17608,10747,95
1540,15,17608,10747,99
1541,15,17608,10747,101
1542,15,17608,10747,128
1543,15,17608,10747,131
1544,15,17608,10747,134
1545,15,17608,10747,139
1546,15,17608,10747,144
1547,15,17608,10747,149
1548,15,17608,10747,153
1549,15,17608,10747,154
1550,15,17608,10747,157
1551,15,17608,10747,158
1552,15,17608,10747,159
1553,15,17608,10747,160
1554,15,17608,10747,161
1555,15,17608,10747,162
1556,15,17608,10747,163
1557,15,17608,10747,164
1558,15,17608,10747,166
1559,15,17608,10747,167
1560,15,17608,10747,173
1561,15,17608,10747,174
1562,15,17608,10747,177
1563,15,17608,10747,182
1564,15,17608,10747,186
1565,15,17608,10747,192
1566,15,17608,10747,193
1567,15,17608,10747,196
1568,15,17608,10747,204
1569,15,17608,10747,208
1570,15,17608,10747,225
1571,15,17608,10747,228
1572,15,17608,10747,235
1573,15,17608,10747,245
1574,15,17608,10747,246
1575,15,17608,10747,252
1576,15,17608,10747,257
1577,15,17608,10747,273
1578,15,17608,10747,279
1579,15,17608,10747,289
1580,15,17608,10747,295
1581,15,17608,10747,299
1582,15,17608,10747,300
1583,15,17608,10747,302
1584,15,17608,10747,303
1585,15,17608,10747,304
1586,15,17608,10747,307
1587,15,17608,10747,313
1588,15,17608,10747,315
1589,15,17608,10747,317
1590,15,17608,10747,326
1591,15,17608,10747,328
1592,15,17608,10747,332
1593,15,17608,10747,333
1594,15,17608,10747,341
1595,15,17608,10747,342
1596,15,17608,10747,343
1597,15,17608,10747,344
1598,15,17608,10747,345
1599,15,17608,10747,346
1600,15,17608,10747,348
1601,15,17608,10747,350
1602,15,17608,10747,353
1603,15,17608,10747,354
1604,15,17608,10747,357
1605,15,17608,10747,359
1606,15,17608,10747,360
1607,15,17608,10747,361
1608,15,17608,10747,362
1609,15,17608,10747,363
1610,15,17608,10747,364
1611,15,17608,10747,365
1611,15,17608,10747
1612,15,17608,10748,0
1613,15,17608,10748,1
1614,15,17608,10748,5
1615,15,17608,10748,17
1616,15,17608,10748,33
1617,15,17608,10748,36
1618,15,17608,10748,45
1619,15,17608,10748,56
1620,15,17608,10748,57
1621,15,17608,10748,58
1622,15,17608,10748,61
1623,15,17608,10748,64
1624,15,17608,10748,68
1625,15,17608,10748,74
1626,15,17608,10748,81
1627,15,17608,10748,100
1628,15,17608,10748,110
1629,15,17608,10748,115
1630,15,17608,10748,122
1631,15,17608,10748,125
1632,15,17608,10748,139
1633,15,17608,10748,140
1634,15,17608,10748,141
1635,15,17608,10748,144
1636,15,17608,10748,147
1637,15,17608,10748,150
1638,15,17608,10748,151
1638,15,17608,10748
1639,15,17608,10749,6
1639,15,17608,10749
1640,15,17608,10750,33
1640,15,17608,10750
1641,15,17608,10751,20
1642,15,17608,10751,23
1642,15,17608,10751
1643,15,17608,10752,34
1644,15,17608,10752,35
1644,15,17608,10752
1644,15,17609,10742
1644,15,17609,10743
1644,15,17609,10744
1644,15,17609,10745
1645,15,17609,10746,3
1646,15,17609,10746,4
1647,15,17609,10746,19
1648,15,17609,10746,34
1649,15,17609,10746,36
1650,15,17609,10746,46
1651,15,17609,10746,48
1652,15,17609,10746,49
1653,15,17609,10746,50
1654,15,17609,10746,53
1655,15,17609,10746,67
1656,15,17609,10746,74
1657,15,17609,10746,79
1658,15,17609,10746,87
1659,15,17609,10746,97
1660,15,17609,10746,116
1661,15,17609,10746,120
1662,15,17609,10746,129
1663,15,17609,10746,132
1664,15,17609,10746,133
1665,15,17609,10746,137
1666,15,17609,10746,138
1667,15,17609,10746,141
1668,15,17609,10746,146
1669,15,17609,10746,147
1670,15,17609,10746,148
1671,15,17609,10746,149
1672,15,17609,10746,150
1672,15,17609,10746
1673,15,17609,10747,1
1674,15,17609,10747,7
1675,15,17609,10747,9
1676,15,17609,10747,22
1677,15,17609,10747,24
1678,15,17609,10747,31
1679,15,17609,10747,34
1680,15,17609,10747,35
1681,15,17609,10747,37
1682,15,17609,10747,42
1683,15,17609,10747,45
1684,15,17609,10747,47
1685,15,17609,10747,59
1686,15,17609,10747,79
1687,15,17609,10747,114
1688,15,17609,10747,121
1689,15,17609,10747,127
1690,15,17609,10747,141
1691,15,17609,10747,149
1692,15,17609,10747,163
1693,15,17609,10747,166
1694,15,17609,10747,187
1695,15,17609,10747,208
1696,15,17609,10747,211
1697,15,17609,10747,218
1698,15,17609,10747,245
1699,15,17609,10747,257
1700,15,17609,10747,274
1701,15,17609,10747,286
1702,15,17609,10747,287
1703,15,17609,10747,288
1704,15,17609,10747,292
1705,15,17609,10747,294
1706,15,17609,10747,295
1707,15,17609,10747,296
1708,15,17609,10747,298
1709,15,17609,10747,299
1710,15,17609,10747,300
1711,15,17609,10747,301
1712,15,17609,10747,303
1713,15,17609,10747,305
1714,15,17609,10747,306
1715,15,17609,10747,307
1716,15,17609,10747,308
1717,15,17609,10747,310
1718,15,17609,10747,311
1719,15,17609,10747,312
1720,15,17609,10747,313
1721,15,17609,10747,314
1722,15,17609,10747,315
1723,15,17609,10747,316
1724,15,17609,10747,317
1725,15,17609,10747,318
1726,15,17609,10747,319
1727,15,17609,10747,320
1728,15,17609,10747,321
1728,15,17609,10747
1729,15,17609,10748,0
1730,15,17609,10748,13
1731,15,17609,10748,15
1732,15,17609,10748,18
1733,15,17609,10748,21
1734,15,17609,10748,22
1735,15,17609,10748,24
1736,15,17609,10748,27
1737,15,17609,10748,29
1738,15,17609,10748,31
1739,15,17609,10748,34
1740,15,17609,10748,36
1741,15,17609,10748,38
1742,15,17609,10748,41
1743,15,17609,10748,42
1744,15,17609,10748,47
1745,15,17609,10748,55
1746,15,17609,10748,56
1747,15,17609,10748,61
1748,15,17609,10748,64
1749,15,17609,10748,67
1750,15,17609,10748,81
1751,15,17609,10748,83
1752,15,17609,10748,87
1753,15,17609,10748,89
1754,15,17609,10748,93
1755,15,17609,10748,99
1756,15,17609,10748,100
1757,15,17609,10748,104
1758,15,17609,10748,106
1759,15,17609,10748,107
1760,15,17609,10748,110
1761,15,17609,10748,111
1762,15,17609,10748,113
1763,15,17609,10748,114
1764,15,17609,10748,115
1765,15,17609,10748,118
1766,15,17609,10748,120
1767,15,17609,10748,121
1768,15,17609,10748,122
1769,15,17609,10748,124
1770,15,17609,10748,130
1771,15,17609,10748,136
1772,15,17609,10748,147
1773,15,17609,10748,154
1774,15,17609,10748,162
1775,15,17609,10748,176
1776,15,17609,10748,184
1777,15,17609,10748,185
1778,15,17609,10748,190
1779,15,17609,10748,191
1780,15,17609,10748,192
1781,15,17609,10748,193
1782,15,17609,10748,197
1783,15,17609,10748,198
1784,15,17609,10748,201
1785,15,17609,10748,213
1786,15,17609,10748,219
1787,15,17609,10748,228
1788,15,17609,10748,230
1788,15,17609,10748
1789,15,17609,10749,14
1790,15,17609,10749,38
1790,15,17609,10749
1790,15,17609,10750
1791,15,17609,10751,1
1791,15,17609,10751
1791,15,17609,10752
